{"cameraMode":{"drawMode":0,"name":"Shaded","section":"Shading Mode"},"sceneLighting":true,"audioPlay":false,"sceneViewState":{"showFog":true,"showMaterialUpdate":false,"showSkybox":true,"showFlares":true,"showImageEffects":true,"showParticleSystems":true},"in2DMode":false,"pivot":{"x":-1.6757447719573975,"y":1.082242727279663,"z":-0.36711686849594118},"rotation":{"x":-0.17848798632621766,"y":-0.8202007412910461,"z":0.4084782600402832,"w":-0.3587043583393097},"size":3.4966630935668947,"orthographic":false}